Team_1,Team_2,Ground,toss_winner,Bat,Winner,Toss
Pakistan,Bangladesh,Karachi,Pakistan,first,Pakistan,win
England,NewZealand,Manchester,England,2nd,England,win
West Indies,Australia,Bridgetown,West Indies,2nd,West Indies,win
Netherlands,Kenya,Belfast,Netherlands,first,Netherlands,loss
Ireland,Scotland,Belfast,Ireland,2nd,Ireland,loss
Canada,Netherlands,Belfast,Canada,2nd,Canada,loss
Scotland,Bermuda,Belfast,Scotland,2nd,Scotland,win
Kenya,Canada,Belfast,Kenya,2nd,Kenya,loss
Ireland,Bermuda,Belfast,Ireland,first,Ireland,win
Ireland,Kenya,Belfast,Ireland,2nd,Ireland,win
Netherlands,Scotland,Belfast,Netherlands,2nd,Netherlands,win
Scotland,Kenya,Belfast,Scotland,2nd,Scotland,loss
Canada,Bermuda,Belfast,Canada,2nd,Canada,win
Sri Lanka,Zimbabwe,King City (NW),Sri Lanka,2nd,Sri Lanka,win
Pakistan,Canada,King City (NW),Pakistan,first,Pakistan,win
Pakistan,Sri Lanka,King City (NW),Pakistan,2nd,Pakistan,win
Pakistan,Zimbabwe,King City (NW),Pakistan,2nd,Pakistan,loss
Sri Lanka,Canada,King City (NW),Sri Lanka,first,Sri Lanka,win
Zimbabwe,Canada,King City (NW),Zimbabwe,first,Zimbabwe,loss
Sri Lanka,Pakistan,King City (NW),Sri Lanka,2nd,Sri Lanka,win
South Africa,Bangladesh,Johannesburg,South Africa,first,South Africa,loss
NewZealand,West Indies,Hamilton,NewZealand,first,NewZealand,win
Australia,South Africa,Melbourne,Australia,first,Australia,win
Australia,South Africa,Brisbane,Australia,2nd,Australia,loss
India,Sri Lanka,Colombo (RPS),India,2nd,India,loss
Australia,NewZealand,Sydney,Australia,first,Australia,win
NewZealand,India,Christchurch,NewZealand,2nd,NewZealand,win
NewZealand,India,Wellington,NewZealand,2nd,NewZealand,win
West Indies,England,Port of Spain,West Indies,2nd,West Indies,win
South Africa,Australia,Johannesburg,South Africa,2nd,South Africa,win
South Africa,Australia,Centurion,South Africa,first,South Africa,loss
Pakistan,Australia,Dubai (DSC),Pakistan,2nd,Pakistan,win
Netherlands,England,Lords,Netherlands,2nd,Netherlands,win
NewZealand,Scotland,The Oval,NewZealand,2nd,NewZealand,win
West Indies,Australia,The Oval,West Indies,2nd,West Indies,loss
India,Bangladesh,Nottingham,India,first,India,win
South Africa,Scotland,The Oval,South Africa,first,South Africa,loss
England,Pakistan,The Oval,England,first,England,loss
Ireland,Bangladesh,Nottingham,Ireland,2nd,Ireland,win
Sri Lanka,Australia,Nottingham,Sri Lanka,2nd,Sri Lanka,win
Pakistan,Netherlands,Lords,Pakistan,first,Pakistan,win
South Africa,NewZealand,Lords,South Africa,first,South Africa,loss
Sri Lanka,West Indies,Nottingham,Sri Lanka,first,Sri Lanka,loss
India,Ireland,Nottingham,India,2nd,India,win
NewZealand,Ireland,Nottingham,NewZealand,first,NewZealand,loss
South Africa,England,Nottingham,South Africa,2nd,South Africa,loss
Sri Lanka,Pakistan,Lords,Sri Lanka,first,Sri Lanka,win
West Indies,India,Lords,West Indies,2nd,West Indies,loss
South Africa,West Indies,The Oval,South Africa,first,South Africa,loss
Pakistan,NewZealand,The Oval,Pakistan,2nd,Pakistan,loss
Sri Lanka,Ireland,Lords,Sri Lanka,first,Sri Lanka,win
England,India,Lords,England,first,England,loss
Pakistan,Ireland,The Oval,Pakistan,first,Pakistan,win
West Indies,England,The Oval,West Indies,2nd,West Indies,loss
Sri Lanka,NewZealand,Nottingham,Sri Lanka,first,Sri Lanka,win
South Africa,India,Nottingham,South Africa,first,South Africa,win
Pakistan,South Africa,Nottingham,Pakistan,first,Pakistan,win
Sri Lanka,West Indies,The Oval,Sri Lanka,first,Sri Lanka,loss
Pakistan,Sri Lanka,Lords,Pakistan,2nd,Pakistan,loss
West Indies,Bangladesh,Basseterre,West Indies,2nd,West Indies,loss
Pakistan,Sri Lanka,Colombo (RPS),Pakistan,first,Pakistan,win
NewZealand,Sri Lanka,Colombo (RPS),NewZealand,first,NewZealand,win
NewZealand,Sri Lanka,Colombo (RPS),NewZealand,first,NewZealand,win
Pakistan,NewZealand,Dubai (DSC),Pakistan,first,Pakistan,loss
Pakistan,NewZealand,Dubai (DSC),Pakistan,first,Pakistan,win
England,South Africa,Johannesburg,England,first,England,loss
South Africa,England,Centurion,South Africa,first,South Africa,win
Sri Lanka,India,Nagpur,Sri Lanka,first,Sri Lanka,loss
India,Sri Lanka,Mohali,India,2nd,India,loss
Ireland,Afghanistan,Colombo (PSS),Ireland,2nd,Ireland,loss
Kenya,Scotland,Nairobi (Gym),Kenya,2nd,Kenya,win
Canada,Ireland,Colombo (SSC),Canada,first,Canada,loss
NewZealand,Bangladesh,Hamilton,NewZealand,2nd,NewZealand,loss
Afghanistan,Canada,Colombo (SSC),Afghanistan,2nd,Afghanistan,loss
Kenya,Scotland,Nairobi (Gym),Kenya,2nd,Kenya,win
Australia,Pakistan,Melbourne,Australia,first,Australia,win
Afghanistan,Ireland,Dubai (DSC),Afghanistan,first,Afghanistan,loss
Netherlands,Canada,Dubai (DSC),Netherlands,2nd,Netherlands,loss
Afghanistan,Scotland,Abu Dhabi,Afghanistan,first,Afghanistan,loss
Kenya,Canada,Dubai (DSC),Kenya,2nd,Kenya,win
Netherlands,Kenya,Abu Dhabi,Netherlands,2nd,Netherlands,win
Ireland,Scotland,Dubai (DSC),Ireland,first,Ireland,win
Netherlands,Afghanistan,Dubai (DSC),Netherlands,2nd,Netherlands,win
Ireland,Netherlands,Dubai (DSC),Ireland,first,Ireland,win
Afghanistan,Ireland,Dubai (DSC),Afghanistan,2nd,Afghanistan,loss
England,Pakistan,Dubai (DSC),England,2nd,England,loss
Pakistan,England,Dubai (DSC),Pakistan,2nd,Pakistan,win
Australia,West Indies,Hobart,Australia,first,Australia,win
Australia,West Indies,Sydney,Australia,2nd,Australia,loss
Australia,NewZealand,Wellington,Australia,2nd,Australia,loss
Zimbabwe,West Indies,Port of Spain,Zimbabwe,first,Zimbabwe,win
NewZealand,Sri Lanka,Providence,NewZealand,2nd,NewZealand,loss
West Indies,Ireland,Providence,West Indies,first,West Indies,win
India,Afghanistan,Gros Islet,India,2nd,India,win
Pakistan,Bangladesh,Gros Islet,Pakistan,first,Pakistan,win
India,South Africa,Gros Islet,India,first,India,loss
Australia,Pakistan,Gros Islet,Australia,first,Australia,win
Sri Lanka,Zimbabwe,Providence,Sri Lanka,first,Sri Lanka,win
West Indies,England,Providence,West Indies,2nd,West Indies,win
NewZealand,Zimbabwe,Providence,NewZealand,2nd,NewZealand,win
Pakistan,NewZealand,The Oval,Pakistan,2nd,Pakistan,loss
Australia,Bangladesh,Bridgetown,Australia,first,Australia,win
South Africa,Afghanistan,Bridgetown,South Africa,first,South Africa,loss
England,Pakistan,Bridgetown,England,2nd,England,win
South Africa,NewZealand,Bridgetown,South Africa,first,South Africa,win
Australia,India,Bridgetown,Australia,first,Australia,loss
Sri Lanka,West Indies,Bridgetown,Sri Lanka,first,Sri Lanka,win
NewZealand,Pakistan,Bridgetown,NewZealand,first,NewZealand,loss
England,South Africa,Bridgetown,England,first,England,win
West Indies,India,Bridgetown,West Indies,first,West Indies,loss
Australia,Sri Lanka,Bridgetown,Australia,first,Australia,win
Pakistan,South Africa,Gros Islet,Pakistan,first,Pakistan,win
England,NewZealand,Gros Islet,England,2nd,England,loss
Sri Lanka,India,Gros Islet,Sri Lanka,2nd,Sri Lanka,loss
Australia,West Indies,Gros Islet,Australia,2nd,Australia,loss
England,Sri Lanka,Gros Islet,England,2nd,England,loss
Australia,Pakistan,Gros Islet,Australia,2nd,Australia,win
England,Australia,Bridgetown,England,2nd,England,win
South Africa,West Indies,North Sound,South Africa,first,South Africa,loss
South Africa,West Indies,North Sound,South Africa,first,South Africa,loss
NewZealand,Sri Lanka,Lauderhill,NewZealand,first,NewZealand,win
Sri Lanka,NewZealand,Lauderhill,Sri Lanka,2nd,Sri Lanka,loss
India,Zimbabwe,Harare,India,2nd,India,win
India,Zimbabwe,Harare,India,2nd,India,win
Pakistan,Australia,Birmingham,Pakistan,first,Pakistan,win
Pakistan,Australia,Birmingham,Pakistan,first,Pakistan,win
England,Pakistan,Cardiff,England,2nd,England,win
England,Pakistan,Cardiff,England,2nd,England,loss
South Africa,Zimbabwe,Bloemfontein,South Africa,2nd,South Africa,loss
South Africa,Zimbabwe,Kimberley,South Africa,first,South Africa,win
South Africa,Pakistan,Abu Dhabi,South Africa,2nd,South Africa,loss
South Africa,Pakistan,Abu Dhabi,South Africa,2nd,South Africa,loss
Sri Lanka,Australia,Perth,Sri Lanka,2nd,Sri Lanka,loss
NewZealand,Pakistan,Auckland,NewZealand,2nd,NewZealand,win
NewZealand,Pakistan,Hamilton,NewZealand,first,NewZealand,loss
Pakistan,NewZealand,Christchurch,Pakistan,first,Pakistan,win
India,South Africa,Durban,India,first,India,win
England,Australia,Adelaide,England,2nd,England,loss
Australia,England,Melbourne,Australia,first,Australia,win
West Indies,Pakistan,Gros Islet,West Indies,first,West Indies,win
India,West Indies,Port of Spain,India,first,India,loss
Sri Lanka,England,Bristol,Sri Lanka,2nd,Sri Lanka,win
Sri Lanka,Australia,Pallekele,Sri Lanka,first,Sri Lanka,loss
Sri Lanka,Australia,Pallekele,Sri Lanka,first,Sri Lanka,win
England,India,Manchester,England,2nd,England,loss
Pakistan,Zimbabwe,Harare,Pakistan,first,Pakistan,loss
Pakistan,Zimbabwe,Harare,Pakistan,first,Pakistan,win
England,West Indies,The Oval,England,2nd,England,win
West Indies,England,The Oval,West Indies,first,West Indies,loss
Bangladesh,West Indies,Dhaka,Bangladesh,2nd,Bangladesh,win
Australia,South Africa,Cape Town,Australia,2nd,Australia,loss
NewZealand,Zimbabwe,Harare,NewZealand,2nd,NewZealand,win
South Africa,Australia,Johannesburg,South Africa,2nd,South Africa,loss
NewZealand,Zimbabwe,Harare,NewZealand,first,NewZealand,loss
England,India,Kolkata,England,2nd,England,loss
Pakistan,Sri Lanka,Abu Dhabi,Pakistan,2nd,Pakistan,loss
Pakistan,Bangladesh,Dhaka,Pakistan,first,Pakistan,win
Australia,India,Sydney,Australia,first,Australia,loss
India,Australia,Melbourne,India,2nd,India,loss
NewZealand,Zimbabwe,Auckland,NewZealand,2nd,NewZealand,loss
NewZealand,Zimbabwe,Hamilton,NewZealand,2nd,NewZealand,loss
NewZealand,South Africa,Wellington,NewZealand,2nd,NewZealand,win
South Africa,NewZealand,Hamilton,South Africa,2nd,South Africa,win
South Africa,NewZealand,Auckland,South Africa,first,South Africa,loss
Ireland,Kenya,Mombasa,Ireland,2nd,Ireland,win
Ireland,Kenya,Mombasa,Ireland,2nd,Ireland,loss
Pakistan,England,Dubai (DSC),Pakistan,first,Pakistan,loss
Ireland,Kenya,Mombasa,Ireland,first,Ireland,win
England,Pakistan,Dubai (DSC),England,first,England,win
England,Pakistan,Abu Dhabi,England,first,England,win
Netherlands,Canada,Dubai (DSC),Netherlands,first,Netherlands,win
Scotland,Kenya,ICCA Dubai,Scotland,first,Scotland,win
Ireland,Kenya,Dubai (DSC),Ireland,2nd,Ireland,loss
Afghanistan,Netherlands,Dubai (DSC),Afghanistan,2nd,Afghanistan,loss
Afghanistan,Canada,ICCA Dubai,Afghanistan,first,Afghanistan,win
Ireland,Scotland,Dubai (DSC),Ireland,first,Ireland,win
Ireland,Canada,Dubai (DSC),Ireland,2nd,Ireland,loss
Netherlands,Scotland,ICCA Dubai,Netherlands,2nd,Netherlands,loss
Ireland,Netherlands,Dubai (DSC),Ireland,2nd,Ireland,win
Scotland,Canada,Dubai (DSC),Scotland,2nd,Scotland,loss
Ireland,Afghanistan,Dubai (DSC),Ireland,2nd,Ireland,loss
Australia,West Indies,Gros Islet,Australia,2nd,Australia,loss
South Africa,India,Johannesburg,South Africa,first,South Africa,loss
West Indies,Australia,Bridgetown,West Indies,first,West Indies,win
Sri Lanka,Pakistan,Hambantota,Sri Lanka,first,Sri Lanka,win
Pakistan,Sri Lanka,Hambantota,Pakistan,first,Pakistan,win
England,West Indies,Nottingham,England,2nd,England,loss
West Indies,NewZealand,Lauderhill,West Indies,first,West Indies,loss
West Indies,NewZealand,Lauderhill,West Indies,first,West Indies,win
Bangladesh,Ireland,Belfast,Bangladesh,first,Bangladesh,loss
Bangladesh,Ireland,Belfast,Bangladesh,first,Bangladesh,win
Bangladesh,Ireland,Belfast,Bangladesh,2nd,Bangladesh,loss
Scotland,Bangladesh,The Hague,Scotland,first,Scotland,win
Bangladesh,Netherlands,The Hague,Bangladesh,2nd,Bangladesh,loss
Netherlands,Bangladesh,The Hague,Netherlands,2nd,Netherlands,loss
India,Sri Lanka,Pallekele,India,first,India,loss
Pakistan,Australia,Dubai (DSC),Pakistan,2nd,Pakistan,win
South Africa,England,Chester-le-Street,South Africa,2nd,South Africa,win
Australia,Pakistan,Dubai (DSC),Australia,first,Australia,loss
NewZealand,India,Chennai,NewZealand,first,NewZealand,loss
Sri Lanka,Zimbabwe,Hambantota,Sri Lanka,first,Sri Lanka,loss
Australia,Ireland,Colombo (RPS),Australia,2nd,Australia,loss
India,Afghanistan,Colombo (RPS),India,first,India,loss
South Africa,Zimbabwe,Hambantota,South Africa,2nd,South Africa,win
NewZealand,Bangladesh,Pallekele,NewZealand,first,NewZealand,loss
England,Afghanistan,Colombo (RPS),England,first,England,loss
South Africa,Sri Lanka,Hambantota,South Africa,first,South Africa,loss
Australia,West Indies,Colombo (RPS),Australia,2nd,Australia,loss
Pakistan,NewZealand,Pallekele,Pakistan,first,Pakistan,win
India,England,Colombo (RPS),India,first,India,loss
Pakistan,Bangladesh,Pallekele,Pakistan,2nd,Pakistan,loss
West Indies,England,Pallekele,West Indies,first,West Indies,win
Pakistan,South Africa,Colombo (RPS),Pakistan,2nd,Pakistan,loss
Australia,India,Colombo (RPS),Australia,2nd,Australia,loss
England,NewZealand,Pallekele,England,2nd,England,loss
Sri Lanka,West Indies,Pallekele,Sri Lanka,2nd,Sri Lanka,loss
Australia,South Africa,Colombo (RPS),Australia,2nd,Australia,win
India,Pakistan,Colombo (RPS),India,2nd,India,loss
Sri Lanka,England,Pallekele,Sri Lanka,first,Sri Lanka,loss
Pakistan,Australia,Colombo (RPS),Pakistan,first,Pakistan,loss
India,South Africa,Colombo (RPS),India,first,India,loss
Sri Lanka,Pakistan,Colombo (RPS),Sri Lanka,first,Sri Lanka,win
West Indies,Australia,Colombo (RPS),West Indies,first,West Indies,win
West Indies,Sri Lanka,Colombo (RPS),West Indies,first,West Indies,win
West Indies,Bangladesh,Dhaka,West Indies,first,West Indies,win
India,England,Pune,India,2nd,India,win
South Africa,NewZealand,Durban,South Africa,2nd,South Africa,loss
England,India,Mumbai,England,2nd,England,win
NewZealand,South Africa,East London,NewZealand,2nd,NewZealand,win
Pakistan,India,Bengaluru,Pakistan,2nd,Pakistan,win
South Africa,NewZealand,Port Elizabeth,South Africa,first,South Africa,win
India,Pakistan,Ahmedabad,India,first,India,loss
Sri Lanka,Australia,Sydney,Sri Lanka,2nd,Sri Lanka,loss
Sri Lanka,Australia,Melbourne,Sri Lanka,first,Sri Lanka,loss
England,NewZealand,Auckland,England,first,England,loss
NewZealand,England,Hamilton,NewZealand,first,NewZealand,loss
West Indies,Australia,Brisbane,West Indies,first,West Indies,win
England,NewZealand,Wellington,England,2nd,England,win
West Indies,Zimbabwe,North Sound,West Indies,2nd,West Indies,loss
Pakistan,South Africa,Centurion,Pakistan,first,Pakistan,win
Afghanistan,Scotland,Sharjah,Afghanistan,first,Afghanistan,win
West Indies,Zimbabwe,North Sound,West Indies,first,West Indies,win
Afghanistan,Scotland,Sharjah,Afghanistan,2nd,Afghanistan,loss
Canada,Kenya,ICCA Dubai,Canada,2nd,Canada,loss
Kenya,Canada,ICCA Dubai,Kenya,first,Kenya,win
Sri Lanka,Bangladesh,Pallekele,Sri Lanka,first,Sri Lanka,loss
Kenya,Netherlands,Windhoek,Kenya,2nd,Kenya,loss
Kenya,Netherlands,Windhoek,Kenya,2nd,Kenya,win
Zimbabwe,Bangladesh,Bulawayo,Zimbabwe,first,Zimbabwe,win
Bangladesh,Zimbabwe,Bulawayo,Bangladesh,first,Bangladesh,win
NewZealand,England,The Oval,NewZealand,first,NewZealand,loss
Scotland,Kenya,Aberdeen,Scotland,first,Scotland,win
Scotland,Kenya,Aberdeen,Scotland,2nd,Scotland,loss
Pakistan,West Indies,Kingstown,Pakistan,2nd,Pakistan,loss
Pakistan,West Indies,Kingstown,Pakistan,first,Pakistan,win
South Africa,Sri Lanka,Colombo (RPS),South Africa,first,South Africa,win
South Africa,Sri Lanka,Hambantota,South Africa,first,South Africa,win
Sri Lanka,South Africa,Hambantota,Sri Lanka,2nd,Sri Lanka,loss
Pakistan,Zimbabwe,Harare,Pakistan,first,Pakistan,loss
Pakistan,Zimbabwe,Harare,Pakistan,first,Pakistan,loss
Australia,England,Southampton,Australia,first,Australia,loss
England,Australia,Chester-le-Street,England,first,England,loss
Afghanistan,Kenya,Sharjah,Afghanistan,first,Afghanistan,win
India,Australia,Rajkot,India,2nd,India,win
Kenya,Afghanistan,Sharjah,Kenya,first,Kenya,win
NewZealand,Bangladesh,Dhaka,NewZealand,first,NewZealand,win
South Africa,Pakistan,Dubai (DSC),South Africa,2nd,South Africa,loss
Netherlands,Afghanistan,Sharjah,Netherlands,2nd,Netherlands,loss
South Africa,Pakistan,Dubai (DSC),South Africa,first,South Africa,win
Afghanistan,Scotland,Sharjah,Afghanistan,first,Afghanistan,win
Ireland,Canada,Abu Dhabi,Ireland,first,Ireland,loss
Kenya,Scotland,ICCA Dubai,Kenya,first,Kenya,win
South Africa,Pakistan,Johannesburg,South Africa,first,South Africa,loss
Sri Lanka,NewZealand,Pallekele,Sri Lanka,2nd,Sri Lanka,win
Scotland,Netherlands,ICCA Dubai,Scotland,first,Scotland,loss
Pakistan,South Africa,Cape Town,Pakistan,first,Pakistan,win
Netherlands,Kenya,ICCA Dubai,Netherlands,first,Netherlands,win
Afghanistan,Kenya,Sharjah,Afghanistan,first,Afghanistan,win
Kenya,Canada,Sharjah,Kenya,first,Kenya,win
Netherlands,Scotland,Abu Dhabi,Netherlands,2nd,Netherlands,loss
Ireland,Afghanistan,Abu Dhabi,Ireland,first,Ireland,win
Pakistan,Afghanistan,Sharjah,Pakistan,2nd,Pakistan,loss
Pakistan,Sri Lanka,Dubai (DSC),Pakistan,2nd,Pakistan,win
Sri Lanka,Pakistan,Dubai (DSC),Sri Lanka,first,Sri Lanka,loss
NewZealand,West Indies,Auckland,NewZealand,first,NewZealand,win
NewZealand,West Indies,Wellington,NewZealand,2nd,NewZealand,loss
Australia,England,Hobart,Australia,first,Australia,win
Australia,England,Melbourne,Australia,2nd,Australia,loss
Australia,England,Sydney,Australia,first,Australia,win
Sri Lanka,Bangladesh,Chattogram,Sri Lanka,first,Sri Lanka,loss
Sri Lanka,Bangladesh,Chattogram,Sri Lanka,2nd,Sri Lanka,loss
Ireland,West Indies,Kingston,Ireland,2nd,Ireland,loss
West Indies,Ireland,Kingston,West Indies,first,West Indies,loss
West Indies,England,Bridgetown,West Indies,first,West Indies,win
West Indies,England,Bridgetown,West Indies,2nd,West Indies,loss
Australia,South Africa,Durban,Australia,2nd,Australia,win
England,West Indies,Bridgetown,England,first,England,win
Australia,South Africa,Centurion,Australia,2nd,Australia,win
Bangladesh,Afghanistan,Dhaka,Bangladesh,2nd,Bangladesh,win
Ireland,Zimbabwe,Sylhet,Ireland,2nd,Ireland,win
Netherlands,U.A.E.,Sylhet,Netherlands,2nd,Netherlands,loss
Afghanistan,Hong Kong,Chattogram,Afghanistan,2nd,Afghanistan,loss
Zimbabwe,Netherlands,Sylhet,Zimbabwe,2nd,Zimbabwe,loss
Ireland,U.A.E.,Sylhet,Ireland,2nd,Ireland,win
Hong Kong,Bangladesh,Chattogram,Hong Kong,2nd,Hong Kong,win
Zimbabwe,U.A.E.,Sylhet,Zimbabwe,2nd,Zimbabwe,win
Netherlands,Ireland,Sylhet,Netherlands,2nd,Netherlands,win
India,Pakistan,Dhaka,India,2nd,India,win
Sri Lanka,South Africa,Chattogram,Sri Lanka,first,Sri Lanka,win
NewZealand,England,Chattogram,NewZealand,2nd,NewZealand,win
Pakistan,Australia,Dhaka,Pakistan,first,Pakistan,loss
India,West Indies,Dhaka,India,2nd,India,win
South Africa,NewZealand,Chattogram,South Africa,first,South Africa,loss
Sri Lanka,Netherlands,Chattogram,Sri Lanka,2nd,Sri Lanka,win
West Indies,Bangladesh,Dhaka,West Indies,first,West Indies,loss
South Africa,Netherlands,Chattogram,South Africa,first,South Africa,loss
England,Sri Lanka,Chattogram,England,2nd,England,win
West Indies,Australia,Dhaka,West Indies,2nd,West Indies,loss
India,Bangladesh,Dhaka,India,2nd,India,win
NewZealand,Netherlands,Chattogram,NewZealand,2nd,NewZealand,win
South Africa,England,Chattogram,South Africa,first,South Africa,loss
Pakistan,Bangladesh,Dhaka,Pakistan,first,Pakistan,win
India,Australia,Dhaka,India,first,India,loss
Netherlands,England,Chattogram,Netherlands,first,Netherlands,loss
Sri Lanka,NewZealand,Chattogram,Sri Lanka,first,Sri Lanka,loss
Australia,Bangladesh,Dhaka,Australia,2nd,Australia,loss
West Indies,Pakistan,Dhaka,West Indies,first,West Indies,win
Sri Lanka,West Indies,Dhaka,Sri Lanka,first,Sri Lanka,win
India,South Africa,Dhaka,India,2nd,India,loss
Sri Lanka,India,Dhaka,Sri Lanka,2nd,Sri Lanka,win
Sri Lanka,England,The Oval,Sri Lanka,first,Sri Lanka,loss
NewZealand,West Indies,Roseau,NewZealand,2nd,NewZealand,win
West Indies,NewZealand,Roseau,West Indies,first,West Indies,loss
England,India,Birmingham,England,first,England,win
Australia,Pakistan,Dubai (DSC),Australia,2nd,Australia,loss
South Africa,Australia,Adelaide,South Africa,2nd,South Africa,loss
Australia,South Africa,Melbourne,Australia,2nd,Australia,loss
Australia,South Africa,Sydney,Australia,2nd,Australia,win
Pakistan,NewZealand,Dubai (DSC),Pakistan,2nd,Pakistan,win
NewZealand,Pakistan,Dubai (DSC),NewZealand,first,NewZealand,loss
West Indies,South Africa,Cape Town,West Indies,2nd,West Indies,loss
West Indies,South Africa,Johannesburg,West Indies,2nd,West Indies,win
South Africa,West Indies,Durban,South Africa,first,South Africa,loss
Bangladesh,Pakistan,Dhaka,Bangladesh,2nd,Bangladesh,loss
Pakistan,Zimbabwe,Lahore,Pakistan,2nd,Pakistan,loss
Pakistan,Zimbabwe,Lahore,Pakistan,2nd,Pakistan,loss
Scotland,Ireland,Bready,Scotland,2nd,Scotland,loss
Scotland,Ireland,Bready,Scotland,2nd,Scotland,win
England,NewZealand,Manchester,England,first,England,win
South Africa,Bangladesh,Dhaka,South Africa,first,South Africa,win
South Africa,Bangladesh,Dhaka,South Africa,first,South Africa,win
Scotland,U.A.E.,Edinburgh,Scotland,2nd,Scotland,win
Afghanistan,Netherlands,Edinburgh,Afghanistan,first,Afghanistan,loss
Afghanistan,U.A.E.,Edinburgh,Afghanistan,2nd,Afghanistan,loss
Netherlands,Scotland,Edinburgh,Netherlands,first,Netherlands,win
Netherlands,U.A.E.,Edinburgh,Netherlands,2nd,Netherlands,win
Afghanistan,Scotland,Edinburgh,Afghanistan,first,Afghanistan,win
P.N.G.,Ireland,Belfast,P.N.G.,2nd,P.N.G.,loss
India,Zimbabwe,Harare,India,first,India,win
Hong Kong,Ireland,Dublin (Malahide),Hong Kong,first,Hong Kong,loss
Zimbabwe,India,Harare,Zimbabwe,first,Zimbabwe,win
Hong Kong,Afghanistan,Dublin (Malahide),Hong Kong,2nd,Hong Kong,loss
Afghanistan,P.N.G.,Dublin (Malahide),Afghanistan,2nd,Afghanistan,loss
Scotland,Hong Kong,Dublin (Malahide),Scotland,2nd,Scotland,win
Afghanistan,Oman,Dublin,Afghanistan,2nd,Afghanistan,win
Netherlands,Ireland,Dublin (Malahide),Netherlands,2nd,Netherlands,win
Pakistan,Sri Lanka,Colombo (RPS),Pakistan,first,Pakistan,win
Pakistan,Sri Lanka,Colombo (RPS),Pakistan,2nd,Pakistan,loss
NewZealand,Zimbabwe,Harare,NewZealand,first,NewZealand,loss
South Africa,NewZealand,Durban,South Africa,2nd,South Africa,win
NewZealand,South Africa,Centurion,NewZealand,first,NewZealand,win
England,Australia,Cardiff,England,first,England,loss
Pakistan,Zimbabwe,Harare,Pakistan,first,Pakistan,win
Pakistan,Zimbabwe,Harare,Pakistan,first,Pakistan,win
South Africa,India,Dharamsala,South Africa,2nd,South Africa,win
South Africa,India,Cuttack,South Africa,2nd,South Africa,win
Afghanistan,Zimbabwe,Bulawayo,Afghanistan,2nd,Afghanistan,loss
Afghanistan,Zimbabwe,Bulawayo,Afghanistan,2nd,Afghanistan,loss
Sri Lanka,West Indies,Pallekele,Sri Lanka,first,Sri Lanka,loss
West Indies,Sri Lanka,Colombo (RPS),West Indies,first,West Indies,win
Bangladesh,Zimbabwe,Dhaka,Bangladesh,2nd,Bangladesh,win
Zimbabwe,Bangladesh,Dhaka,Zimbabwe,2nd,Zimbabwe,loss
Oman,Hong Kong,Abu Dhabi,Oman,2nd,Oman,win
U.A.E.,Oman,Abu Dhabi,U.A.E.,2nd,U.A.E.,win
Oman,Hong Kong,Abu Dhabi,Oman,first,Oman,loss
Hong Kong,Oman,Abu Dhabi,Hong Kong,2nd,Hong Kong,win
England,Pakistan,Dubai (DSC),England,first,England,win
England,Pakistan,Dubai (DSC),England,first,England,win
Hong Kong,Afghanistan,Abu Dhabi,Hong Kong,2nd,Hong Kong,loss
Afghanistan,Oman,Abu Dhabi,Afghanistan,first,Afghanistan,loss
Afghanistan,Oman,Abu Dhabi,Afghanistan,first,Afghanistan,loss
NewZealand,Sri Lanka,Mount Maunganui,NewZealand,first,NewZealand,loss
Afghanistan,Zimbabwe,Sharjah,Afghanistan,first,Afghanistan,win
NewZealand,Sri Lanka,Auckland,NewZealand,2nd,NewZealand,win
Afghanistan,Zimbabwe,Sharjah,Afghanistan,first,Afghanistan,loss
Pakistan,NewZealand,Auckland,Pakistan,first,Pakistan,loss
Bangladesh,Zimbabwe,Khulna,Bangladesh,2nd,Bangladesh,loss
NewZealand,Pakistan,Hamilton,NewZealand,2nd,NewZealand,loss
Bangladesh,Zimbabwe,Khulna,Bangladesh,first,Bangladesh,win
Zimbabwe,Bangladesh,Khulna,Zimbabwe,first,Zimbabwe,win
NewZealand,Pakistan,Wellington,NewZealand,first,NewZealand,loss
Zimbabwe,Bangladesh,Khulna,Zimbabwe,first,Zimbabwe,win
India,Australia,Adelaide,India,first,India,loss
India,Australia,Melbourne,India,first,India,loss
Hong Kong,Scotland,Mong Kok,Hong Kong,2nd,Hong Kong,win
Scotland,Hong Kong,Mong Kok,Scotland,first,Scotland,loss
India,Australia,Sydney,India,2nd,India,loss
Netherlands,U.A.E.,ICCA Dubai,Netherlands,first,Netherlands,loss
U.A.E.,Scotland,ICCA Dubai,U.A.E.,first,U.A.E.,win
Scotland,Netherlands,ICCA Dubai,Scotland,first,Scotland,win
Ireland,P.N.G.,Townsville,Ireland,2nd,Ireland,win
Ireland,P.N.G.,Townsville,Ireland,first,Ireland,loss
P.N.G.,Ireland,Townsville,P.N.G.,first,P.N.G.,win
Sri Lanka,India,Pune,Sri Lanka,2nd,Sri Lanka,win
India,Sri Lanka,Ranchi,India,first,India,loss
Ireland,U.A.E.,Abu Dhabi,Ireland,first,Ireland,loss
India,Sri Lanka,Visakhapatnam,India,2nd,India,win
U.A.E.,Ireland,Abu Dhabi,U.A.E.,first,U.A.E.,win
U.A.E.,Afghanistan,Fatullah,U.A.E.,first,U.A.E.,win
Oman,Hong Kong,Fatullah,Oman,first,Oman,win
South Africa,England,Cape Town,South Africa,2nd,South Africa,win
Afghanistan,Oman,Fatullah,Afghanistan,2nd,Afghanistan,loss
U.A.E.,Hong Kong,Fatullah,U.A.E.,2nd,U.A.E.,loss
South Africa,England,Johannesburg,South Africa,2nd,South Africa,win
Afghanistan,Hong Kong,Dhaka,Afghanistan,first,Afghanistan,loss
U.A.E.,Oman,Dhaka,U.A.E.,first,U.A.E.,loss
India,Bangladesh,Dhaka,India,first,India,loss
Sri Lanka,U.A.E.,Dhaka,Sri Lanka,first,Sri Lanka,loss
Bangladesh,U.A.E.,Dhaka,Bangladesh,first,Bangladesh,loss
India,Pakistan,Dhaka,India,2nd,India,win
Bangladesh,Sri Lanka,Dhaka,Bangladesh,first,Bangladesh,win
Pakistan,U.A.E.,Dhaka,Pakistan,2nd,Pakistan,loss
India,Sri Lanka,Dhaka,India,2nd,India,win
Bangladesh,Pakistan,Dhaka,Bangladesh,2nd,Bangladesh,loss
India,U.A.E.,Dhaka,India,2nd,India,loss
Pakistan,Sri Lanka,Dhaka,Pakistan,2nd,Pakistan,win
South Africa,Australia,Durban,South Africa,2nd,South Africa,loss
Australia,South Africa,Johannesburg,Australia,2nd,Australia,win
India,Bangladesh,Dhaka,India,2nd,India,win
Zimbabwe,Hong Kong,Nagpur,Zimbabwe,first,Zimbabwe,loss
Afghanistan,Scotland,Nagpur,Afghanistan,first,Afghanistan,win
Bangladesh,Netherlands,Dharamsala,Bangladesh,first,Bangladesh,loss
Oman,Ireland,Dharamsala,Oman,2nd,Oman,loss
Australia,South Africa,Cape Town,Australia,2nd,Australia,loss
Zimbabwe,Scotland,Nagpur,Zimbabwe,first,Zimbabwe,win
Afghanistan,Hong Kong,Nagpur,Afghanistan,2nd,Afghanistan,loss
Afghanistan,Zimbabwe,Nagpur,Afghanistan,first,Afghanistan,win
Scotland,Hong Kong,Nagpur,Scotland,2nd,Scotland,loss
Netherlands,Ireland,Dharamsala,Netherlands,first,Netherlands,loss
Bangladesh,Oman,Dharamsala,Bangladesh,first,Bangladesh,loss
NewZealand,India,Nagpur,NewZealand,first,NewZealand,win
Pakistan,Bangladesh,Kolkata,Pakistan,first,Pakistan,win
West Indies,England,Mumbai,West Indies,2nd,West Indies,win
Sri Lanka,Afghanistan,Kolkata,Sri Lanka,2nd,Sri Lanka,loss
NewZealand,Australia,Dharamsala,NewZealand,first,NewZealand,win
England,South Africa,Mumbai,England,2nd,England,win
India,Pakistan,Kolkata,India,2nd,India,win
South Africa,Afghanistan,Mumbai,South Africa,first,South Africa,win
West Indies,Sri Lanka,Bengaluru,West Indies,2nd,West Indies,win
Australia,Bangladesh,Bengaluru,Australia,2nd,Australia,win
NewZealand,Pakistan,Mohali,NewZealand,first,NewZealand,win
England,Afghanistan,Delhi,England,first,England,win
India,Bangladesh,Bengaluru,India,first,India,loss
Australia,Pakistan,Mohali,Australia,first,Australia,win
West Indies,South Africa,Nagpur,West Indies,2nd,West Indies,win
NewZealand,Bangladesh,Kolkata,NewZealand,first,NewZealand,win
England,Sri Lanka,Delhi,England,first,England,loss
Afghanistan,West Indies,Nagpur,Afghanistan,first,Afghanistan,loss
India,Australia,Mohali,India,2nd,India,loss
South Africa,Sri Lanka,Delhi,South Africa,2nd,South Africa,win
England,NewZealand,Delhi,England,2nd,England,win
West Indies,India,Mumbai,West Indies,2nd,West Indies,win
West Indies,England,Kolkata,West Indies,2nd,West Indies,win
Zimbabwe,India,Harare,Zimbabwe,first,Zimbabwe,loss
India,Zimbabwe,Harare,India,2nd,India,loss
India,Zimbabwe,Harare,India,first,India,loss
England,Sri Lanka,Southampton,England,2nd,England,loss
West Indies,India,Lauderhill,West Indies,first,West Indies,loss
Hong Kong,Ireland,Bready,Hong Kong,first,Hong Kong,win
Australia,Sri Lanka,Pallekele,Australia,first,Australia,loss
Pakistan,England,Manchester,Pakistan,2nd,Pakistan,loss
Australia,Sri Lanka,Colombo (RPS),Australia,2nd,Australia,loss
Pakistan,West Indies,Dubai (DSC),Pakistan,2nd,Pakistan,win
Pakistan,West Indies,Dubai (DSC),Pakistan,first,Pakistan,loss
Pakistan,West Indies,Abu Dhabi,Pakistan,2nd,Pakistan,win
Afghanistan,U.A.E.,ICCA Dubai,Afghanistan,first,Afghanistan,win
Afghanistan,U.A.E.,Dubai (DSC),Afghanistan,2nd,Afghanistan,loss
Afghanistan,U.A.E.,ICCA Dubai,Afghanistan,first,Afghanistan,win
NewZealand,Bangladesh,Napier,NewZealand,2nd,NewZealand,loss
NewZealand,Bangladesh,Mount Maunganui,NewZealand,first,NewZealand,loss
NewZealand,Bangladesh,Mount Maunganui,NewZealand,first,NewZealand,loss
Scotland,Hong Kong,Abu Dhabi,Scotland,first,Scotland,win
Afghanistan,Ireland,Abu Dhabi,Afghanistan,2nd,Afghanistan,loss
Netherlands,Oman,Abu Dhabi,Netherlands,2nd,Netherlands,loss
Oman,Hong Kong,Abu Dhabi,Oman,2nd,Oman,win
Afghanistan,U.A.E.,Abu Dhabi,Afghanistan,2nd,Afghanistan,win
Scotland,Netherlands,Abu Dhabi,Scotland,first,Scotland,loss
Ireland,U.A.E.,Dubai (DSC),Ireland,first,Ireland,win
Hong Kong,Netherlands,Dubai (DSC),Hong Kong,first,Hong Kong,win
Scotland,Oman,Dubai (DSC),Scotland,2nd,Scotland,loss
Afghanistan,Oman,Dubai (DSC),Afghanistan,2nd,Afghanistan,win
Ireland,Scotland,Dubai (DSC),Ireland,first,Ireland,loss
Afghanistan,Ireland,Dubai (DSC),Afghanistan,2nd,Afghanistan,loss
South Africa,Sri Lanka,Centurion,South Africa,first,South Africa,loss
Sri Lanka,South Africa,Johannesburg,Sri Lanka,2nd,Sri Lanka,loss
Sri Lanka,South Africa,Cape Town,Sri Lanka,2nd,Sri Lanka,loss
England,India,Kanpur,England,2nd,England,win
India,England,Nagpur,India,first,India,loss
India,England,Bengaluru,India,first,India,loss
South Africa,NewZealand,Auckland,South Africa,first,South Africa,loss
Sri Lanka,Australia,Melbourne,Sri Lanka,2nd,Sri Lanka,win
Sri Lanka,Australia,Geelong,Sri Lanka,2nd,Sri Lanka,win
Australia,Sri Lanka,Adelaide,Australia,first,Australia,loss
Afghanistan,Ireland,Greater Noida,Afghanistan,2nd,Afghanistan,loss
Afghanistan,Ireland,Greater Noida,Afghanistan,first,Afghanistan,win
Afghanistan,Ireland,Greater Noida,Afghanistan,first,Afghanistan,loss
Pakistan,West Indies,Bridgetown,Pakistan,2nd,Pakistan,win
Pakistan,West Indies,Port of Spain,Pakistan,first,Pakistan,loss
West Indies,Pakistan,Port of Spain,West Indies,2nd,West Indies,loss
Pakistan,West Indies,Port of Spain,Pakistan,2nd,Pakistan,win
Sri Lanka,Bangladesh,Colombo (RPS),Sri Lanka,2nd,Sri Lanka,loss
Bangladesh,Sri Lanka,Colombo (RPS),Bangladesh,first,Bangladesh,win
U.A.E.,P.N.G.,Abu Dhabi,U.A.E.,2nd,U.A.E.,win
U.A.E.,P.N.G.,Abu Dhabi,U.A.E.,first,U.A.E.,loss
U.A.E.,P.N.G.,Abu Dhabi,U.A.E.,2nd,U.A.E.,loss
West Indies,Afghanistan,Basseterre,West Indies,2nd,West Indies,loss
West Indies,Afghanistan,Basseterre,West Indies,first,West Indies,win
West Indies,Afghanistan,Basseterre,West Indies,2nd,West Indies,loss
England,South Africa,Southampton,England,2nd,England,loss
South Africa,England,Taunton,South Africa,first,South Africa,loss
England,South Africa,Cardiff,England,first,England,loss
West Indies,India,Kingston,West Indies,2nd,West Indies,win
India,Sri Lanka,Colombo (RPS),India,2nd,India,win
West Indies,England,Chester-le-Street,West Indies,first,West Indies,loss
India,Australia,Ranchi,India,2nd,India,win
Australia,India,Guwahati,Australia,2nd,Australia,win
Pakistan,Sri Lanka,Abu Dhabi,Pakistan,2nd,Pakistan,win
South Africa,Bangladesh,Bloemfontein,South Africa,first,South Africa,win
Pakistan,Sri Lanka,Abu Dhabi,Pakistan,2nd,Pakistan,win
South Africa,Bangladesh,Potchefstroom,South Africa,first,South Africa,loss
Pakistan,Sri Lanka,Lahore,Pakistan,first,Pakistan,loss
India,NewZealand,Delhi,India,first,India,loss
NewZealand,India,Rajkot,NewZealand,first,NewZealand,win
India,NewZealand,Thiruvananthapuram,India,first,India,loss
India,Sri Lanka,Cuttack,India,first,India,loss
India,Sri Lanka,Indore,India,first,India,loss
India,Sri Lanka,Mumbai,India,2nd,India,win
NewZealand,West Indies,Nelson,NewZealand,first,NewZealand,loss
NewZealand,West Indies,Mount Maunganui,NewZealand,first,NewZealand,win
NewZealand,Pakistan,Wellington,NewZealand,2nd,NewZealand,win
Pakistan,NewZealand,Auckland,Pakistan,first,Pakistan,win
Pakistan,NewZealand,Mount Maunganui,Pakistan,first,Pakistan,win
Australia,NewZealand,Sydney,Australia,2nd,Australia,win
Afghanistan,Zimbabwe,Sharjah,Afghanistan,2nd,Afghanistan,win
Afghanistan,Zimbabwe,Sharjah,Afghanistan,first,Afghanistan,loss
Australia,England,Hobart,Australia,2nd,Australia,win
Australia,England,Melbourne,Australia,2nd,Australia,win
NewZealand,England,Wellington,NewZealand,first,NewZealand,loss
Sri Lanka,Bangladesh,Dhaka,Sri Lanka,2nd,Sri Lanka,loss
Australia,NewZealand,Auckland,Australia,2nd,Australia,loss
England,NewZealand,Hamilton,England,first,England,loss
Sri Lanka,Bangladesh,Sylhet,Sri Lanka,first,Sri Lanka,loss
India,South Africa,Johannesburg,India,first,India,loss
Australia,NewZealand,Auckland,Australia,2nd,Australia,loss
South Africa,India,Centurion,South Africa,2nd,South Africa,win
India,South Africa,Cape Town,India,first,India,loss
Sri Lanka,India,Colombo (RPS),Sri Lanka,2nd,Sri Lanka,win
India,Bangladesh,Colombo (RPS),India,2nd,India,win
Bangladesh,Sri Lanka,Colombo (RPS),Bangladesh,2nd,Bangladesh,win
India,Sri Lanka,Colombo (RPS),India,2nd,India,win
India,Bangladesh,Colombo (RPS),India,first,India,loss
Bangladesh,Sri Lanka,Colombo (RPS),Bangladesh,2nd,Bangladesh,win
India,Bangladesh,Colombo (RPS),India,2nd,India,win
Pakistan,West Indies,Karachi,Pakistan,first,Pakistan,loss
Pakistan,West Indies,Karachi,Pakistan,first,Pakistan,win
Pakistan,West Indies,Karachi,Pakistan,2nd,Pakistan,loss
Afghanistan,Bangladesh,Dehradun,Afghanistan,first,Afghanistan,loss
Afghanistan,Bangladesh,Dehradun,Afghanistan,2nd,Afghanistan,loss
Afghanistan,Bangladesh,Dehradun,Afghanistan,first,Afghanistan,win
Netherlands,Ireland,Rotterdam,Netherlands,first,Netherlands,loss
Pakistan,Scotland,Edinburgh,Pakistan,first,Pakistan,win
Netherlands,Ireland,Rotterdam,Netherlands,2nd,Netherlands,loss
Pakistan,Scotland,Edinburgh,Pakistan,first,Pakistan,win
Ireland,Scotland,Deventer,Ireland,first,Ireland,win
Scotland,Netherlands,Amstelveen,Scotland,2nd,Scotland,loss
Scotland,Netherlands,Amstelveen,Scotland,first,Scotland,win
India,Ireland,Dublin (Malahide),India,first,India,loss
England,Australia,Birmingham,England,first,England,loss
India,Ireland,Dublin (Malahide),India,first,India,loss
Pakistan,Zimbabwe,Harare,Pakistan,first,Pakistan,loss
Australia,Pakistan,Harare,Australia,2nd,Australia,win
Australia,Zimbabwe,Harare,Australia,first,Australia,loss
India,England,Manchester,India,2nd,India,win
Pakistan,Zimbabwe,Harare,Pakistan,2nd,Pakistan,win
Pakistan,Australia,Harare,Pakistan,first,Pakistan,loss
Australia,Zimbabwe,Harare,Australia,2nd,Australia,loss
England,India,Cardiff,England,2nd,England,win
Pakistan,Australia,Harare,Pakistan,2nd,Pakistan,loss
India,England,Bristol,India,2nd,India,win
West Indies,Bangladesh,Basseterre,West Indies,2nd,West Indies,win
Bangladesh,West Indies,Lauderhill,Bangladesh,first,Bangladesh,loss
Bangladesh,West Indies,Lauderhill,Bangladesh,first,Bangladesh,win
Sri Lanka,South Africa,Colombo (RPS),Sri Lanka,2nd,Sri Lanka,loss
Afghanistan,Ireland,Bready,Afghanistan,first,Afghanistan,loss
Afghanistan,Ireland,Bready,Afghanistan,first,Afghanistan,win
South Africa,Zimbabwe,East London,South Africa,first,South Africa,win
South Africa,Zimbabwe,Potchefstroom,South Africa,2nd,South Africa,loss
Australia,U.A.E.,Tolerance Oval,Australia,2nd,Australia,loss
Pakistan,Australia,Abu Dhabi,Pakistan,first,Pakistan,loss
Pakistan,Australia,Dubai (DSC),Pakistan,first,Pakistan,win
England,Sri Lanka,Colombo (RPS),England,first,England,loss
Pakistan,Australia,Dubai (DSC),Pakistan,first,Pakistan,win
Pakistan,NewZealand,Abu Dhabi,Pakistan,first,Pakistan,win
Pakistan,NewZealand,Dubai (DSC),Pakistan,2nd,Pakistan,loss
India,West Indies,Kolkata,India,2nd,India,win
Pakistan,NewZealand,Dubai (DSC),Pakistan,first,Pakistan,win
India,West Indies,Lucknow,India,first,India,loss
India,West Indies,Chennai,India,2nd,India,loss
South Africa,Australia,Carrara,South Africa,first,South Africa,loss
Australia,India,Brisbane,Australia,first,Australia,loss
India,Australia,Sydney,India,2nd,India,loss
West Indies,Bangladesh,Sylhet,West Indies,2nd,West Indies,loss
Bangladesh,West Indies,Dhaka,Bangladesh,first,Bangladesh,loss
West Indies,Bangladesh,Dhaka,West Indies,first,West Indies,loss
NewZealand,Sri Lanka,Auckland,NewZealand,first,NewZealand,loss
South Africa,Pakistan,Cape Town,South Africa,first,South Africa,loss
South Africa,Pakistan,Johannesburg,South Africa,first,South Africa,loss
NewZealand,India,Wellington,NewZealand,first,NewZealand,loss
Pakistan,South Africa,Centurion,Pakistan,first,Pakistan,loss
India,NewZealand,Auckland,India,2nd,India,loss
NewZealand,India,Hamilton,NewZealand,first,NewZealand,loss
Netherlands,Scotland,Al Amerat,Netherlands,2nd,Netherlands,win
Ireland,Oman,Al Amerat,Ireland,first,Ireland,loss
Netherlands,Oman,Al Amerat,Netherlands,2nd,Netherlands,win
Scotland,Ireland,Al Amerat,Scotland,2nd,Scotland,win
Ireland,Netherlands,Al Amerat,Ireland,2nd,Ireland,win
Scotland,Oman,Al Amerat,Scotland,2nd,Scotland,win
Afghanistan,Ireland,Dehradun,Afghanistan,2nd,Afghanistan,loss
Afghanistan,Ireland,Dehradun,Afghanistan,first,Afghanistan,win
Afghanistan,Ireland,Dehradun,Afghanistan,first,Afghanistan,loss
Australia,India,Visakhapatnam,Australia,2nd,Australia,win
Australia,India,Bengaluru,Australia,2nd,Australia,win
England,West Indies,Gros Islet,England,2nd,England,win
England,West Indies,Basseterre,England,first,England,loss
England,West Indies,Basseterre,England,2nd,England,loss
South Africa,Sri Lanka,Centurion,South Africa,first,South Africa,loss
England,Pakistan,Cardiff,England,2nd,England,loss
Netherlands,Zimbabwe,Rotterdam,Netherlands,first,Netherlands,loss
Ireland,Zimbabwe,Bready,Ireland,2nd,Ireland,win
U.A.E.,Netherlands,Amstelveen,U.A.E.,first,U.A.E.,loss
India,West Indies,Lauderhill,India,2nd,India,win
India,West Indies,Lauderhill,India,first,India,win
U.A.E.,Netherlands,Amstelveen,U.A.E.,2nd,U.A.E.,win
U.A.E.,Netherlands,The Hague,U.A.E.,first,U.A.E.,loss
India,West Indies,Providence,India,2nd,India,win
U.A.E.,Netherlands,The Hague,U.A.E.,2nd,U.A.E.,loss
NewZealand,Sri Lanka,Pallekele,NewZealand,2nd,NewZealand,loss
NewZealand,Sri Lanka,Pallekele,NewZealand,2nd,NewZealand,loss
Sri Lanka,NewZealand,Pallekele,Sri Lanka,first,Sri Lanka,win
Bangladesh,Zimbabwe,Dhaka,Bangladesh,2nd,Bangladesh,win
Afghanistan,Zimbabwe,Dhaka,Afghanistan,first,Afghanistan,loss
Afghanistan,Bangladesh,Dhaka,Afghanistan,first,Afghanistan,win
Scotland,Netherlands,Dublin (Malahide),Scotland,first,Scotland,loss
Ireland,Scotland,Dublin (Malahide),Ireland,2nd,Ireland,loss
Bangladesh,Zimbabwe,Chattogram,Bangladesh,first,Bangladesh,loss
Netherlands,Ireland,Dublin (Malahide),Netherlands,2nd,Netherlands,loss
India,South Africa,Mohali,India,2nd,India,win
Scotland,Netherlands,Dublin (Malahide),Scotland,2nd,Scotland,loss
Zimbabwe,Afghanistan,Chattogram,Zimbabwe,2nd,Zimbabwe,loss
Ireland,Scotland,Dublin (Malahide),Ireland,first,Ireland,loss
Bangladesh,Afghanistan,Chattogram,Bangladesh,2nd,Bangladesh,win
South Africa,India,Bengaluru,South Africa,2nd,South Africa,loss
Sri Lanka,Pakistan,Lahore,Sri Lanka,first,Sri Lanka,loss
Oman,Ireland,Al Amerat,Oman,first,Oman,loss
Ireland,Hong Kong,Al Amerat,Ireland,first,Ireland,win
Sri Lanka,Pakistan,Lahore,Sri Lanka,first,Sri Lanka,win
Oman,Netherlands,Al Amerat,Oman,2nd,Oman,loss
Sri Lanka,Pakistan,Lahore,Sri Lanka,first,Sri Lanka,win
Netherlands,Hong Kong,Al Amerat,Netherlands,first,Netherlands,loss
Ireland,Hong Kong,Abu Dhabi,Ireland,2nd,Ireland,loss
Netherlands,Kenya,ICCA Dubai,Netherlands,first,Netherlands,win
Oman,U.A.E.,Abu Dhabi,Oman,2nd,Oman,win
P.N.G.,Bermuda,ICCA Dubai,P.N.G.,2nd,P.N.G.,win
Netherlands,Namibia,ICCA Dubai,Netherlands,first,Netherlands,win
Scotland,Kenya,ICCA 2 Dubai,Scotland,first,Scotland,win
U.A.E.,Ireland,Abu Dhabi,U.A.E.,2nd,U.A.E.,win
P.N.G.,Namibia,ICCA 2 Dubai,P.N.G.,first,P.N.G.,win
Oman,Hong Kong,Abu Dhabi,Oman,2nd,Oman,win
Scotland,P.N.G.,ICCA Dubai,Scotland,first,Scotland,win
U.A.E.,Hong Kong,Abu Dhabi,U.A.E.,2nd,U.A.E.,loss
Ireland,Oman,Tolerance Oval,Ireland,first,Ireland,loss
Kenya,Bermuda,ICCA Dubai,Kenya,first,Kenya,win
Namibia,Bermuda,ICCA 2 Dubai,Namibia,2nd,Namibia,win
Canada,Ireland,Abu Dhabi,Canada,first,Canada,win
P.N.G.,Netherlands,ICCA Dubai,P.N.G.,2nd,P.N.G.,loss
Hong Kong,Canada,Tolerance Oval,Hong Kong,first,Hong Kong,win
Scotland,Bermuda,Dubai (DSC),Scotland,first,Scotland,loss
Namibia,Kenya,Dubai (DSC),Namibia,first,Namibia,win
Oman,Canada,Abu Dhabi,Oman,2nd,Oman,loss
Netherlands,Bermuda,Dubai (DSC),Netherlands,first,Netherlands,win
Australia,Sri Lanka,Adelaide,Australia,first,Australia,loss
P.N.G.,Kenya,Dubai (DSC),P.N.G.,first,P.N.G.,loss
Netherlands,Scotland,Dubai (DSC),Netherlands,2nd,Netherlands,win
U.A.E.,Canada,Abu Dhabi,U.A.E.,first,U.A.E.,loss
Netherlands,U.A.E.,Dubai (DSC),Netherlands,2nd,Netherlands,loss
Namibia,Oman,Dubai (DSC),Namibia,first,Namibia,win
Australia,Sri Lanka,Brisbane,Australia,2nd,Australia,loss
Scotland,U.A.E.,Dubai (DSC),Scotland,first,Scotland,win
Oman,Hong Kong,Dubai (DSC),Oman,first,Oman,win
Scotland,Oman,ICCA Dubai,Scotland,2nd,Scotland,loss
England,NewZealand,Christchurch,England,2nd,England,win
Australia,Sri Lanka,Melbourne,Australia,2nd,Australia,win
Netherlands,Ireland,Dubai (DSC),Netherlands,first,Netherlands,loss
P.N.G.,Namibia,Dubai (DSC),P.N.G.,first,P.N.G.,win
Ireland,Namibia,Dubai (DSC),Ireland,first,Ireland,win
Netherlands,P.N.G.,Dubai (DSC),Netherlands,2nd,Netherlands,loss
NewZealand,England,Wellington,NewZealand,first,NewZealand,loss
Bangladesh,India,Delhi,Bangladesh,2nd,Bangladesh,win
NewZealand,England,Nelson,NewZealand,first,NewZealand,win
Australia,Pakistan,Canberra,Australia,2nd,Australia,loss
India,Bangladesh,Rajkot,India,2nd,India,win
England,NewZealand,Napier,England,first,England,loss
Australia,Pakistan,Perth,Australia,2nd,Australia,win
India,Bangladesh,Nagpur,India,first,India,loss
West Indies,Afghanistan,Lucknow,West Indies,first,West Indies,loss
Afghanistan,West Indies,Lucknow,Afghanistan,first,Afghanistan,win
Afghanistan,West Indies,Lucknow,Afghanistan,first,Afghanistan,win
India,West Indies,Hyderabad (Deccan),India,2nd,India,win
West Indies,India,Thiruvananthapuram,West Indies,2nd,West Indies,win
India,West Indies,Mumbai,India,first,India,loss
India,Sri Lanka,Indore,India,2nd,India,win
India,Sri Lanka,Pune,India,first,India,loss
Ireland,West Indies,St Georges,Ireland,first,Ireland,win
West Indies,Ireland,Basseterre,West Indies,2nd,West Indies,win
India,NewZealand,Auckland,India,2nd,India,win
Pakistan,Bangladesh,Lahore,Pakistan,2nd,Pakistan,loss
Pakistan,Bangladesh,Lahore,Pakistan,2nd,Pakistan,loss
India,NewZealand,Auckland,India,2nd,India,loss
